,VENDOR_ID,VENDOR_NAME,ADDRESS_LINE1,CITY,POSTAL_CODE
0,VNDR00001,Jamila Ouazzani,10 Rue Al Qods,Rabat,72703
1,VNDR00002,Meryem Eddoughmi,47 Residence Salam,Casablanca,36117
2,VNDR00003,Salma Radi,9 Hay Mohammed V,Casablanca,36109
3,VNDR00004,Zineb Berrada,11 Boulevard El Fadl,Kenitra,31406
4,VNDR00005,Omar Lahlou,42 Lotissement Al Houda,Marrakech,37210
5,VNDR00006,Hamza Alaoui,31 Rue Salam,Agadir,80004
6,VNDR00007,Omar Fakhir,37 Rue Zerktouni,Ashland,1721
7,VNDR00008,Malak Benali,36 Boulevard Salam,West Sacramento,95691
8,VNDR00009,Meryem Banoune,11 Boulevard Hassan II,Agadir,80003
9,VNDR00010,Othmane Metouali,4 Boulevard Al Houda,Sefrou,21122
10,VNDR00011,Aziza El Fassi,10 Hay Hlioua,El Jadida,32413
11,VNDR00012,Youssef Jamal,2 Boulevard Hlioua,Marrakech,37211
12,VNDR00013,Meryem Fakhir,33 Boulevard Zerktouni,Casablanca,36117
13,VNDR00014,Mohamed Radi,32 Residence Centrale,Tanger,20017
14,VNDR00015,Hassan Amrani,16 Residence Al Massira,Meknes,40207
15,VNDR00016,Fatima Ezzahra  Amine,45 Residence Al Qods,Agadir,80004
16,VNDR00017,Kawtar Barghoud,32 Rue Bernoussi,Marrakech,37203
17,VNDR00018,Adam Ouazzani,33 Avenue Al Qods,Tanger,20018
18,VNDR00019,Yahya Bachri,39 Lotissement El Fadl,Fes,85301
19,VNDR00020,Salma Mansar,42 Hay Centrale,Paso Robles,93446
20,VNDR00021,Ahmed Amine,44 Lotissement Al Houda,Tanger,20015
21,VNDR00022,Hassan Tahiri,18 Avenue Al Massira,Fes,85308
22,VNDR00023,Hassan Bate,32 Rue Mohammed V,Meknes,40219
23,VNDR00024,Salma Berrada,15 Boulevard Hlioua,Fes,85301
24,VNDR00025,Hiba Tazi,18 Lotissement El Fadl,Rabat,72703
25,VNDR00026,Khaoula Mansour,31 Avenue Centrale,Sale,6040
26,VNDR00027,Salma Bachri,41 Residence Centrale,Oujda,73107
27,VNDR00028,Kaoutar Dadi,41 Hay Al Qods,El Hoceima,94536
28,VNDR00029,Ahmed Farissi,21 Hay Bernoussi,Taourirt,94550
29,VNDR00030,Kawtar Kibala,4 Hay Bernoussi,Melrose,2176
30,VNDR00031,Omar Oufkir,45 Rue El Fadl,Rabat,72703
31,VNDR00032,Omar Mansour,1 Lotissement Centrale,Severn,21144
32,VNDR00033,Kawtar Fadili,31 Boulevard Al Massira,Meknes,40211
33,VNDR00034,Zineb Moufkir ,10 Residence Al Qods,Meknes,40204
34,VNDR00035,Yahya Salhi,7 Avenue Hassan II,,5647
35,VNDR00036,Hiba Moufkir ,8 Hay Al Qods,Rabat,72703
36,VNDR00037,Hajar Barghoud,26 Lotissement Al Qods,Tetouan,99503
37,VNDR00038,Ahmed Barghoud,7 Hay Al Qods,Essaouira,32404
38,VNDR00039,Aziza Ouazzani,44 Boulevard Salam,Beverly Hills,34465
39,VNDR00040,Amine Benchikh,37 Avenue Al Houda,Sale,6040
40,VNDR00041,Mohamed Ouazzani,4 Boulevard Salam,Woodford,5201
41,VNDR00042,Hiba Bate,44 Residence Al Massira,Bloomingdale,31302
42,VNDR00043,Noha Fadili,26 Avenue Al Qods,Oued Zem,94546
43,VNDR00044,Aya Jamal,15 Hay Salam,Essaouira,32404
44,VNDR00045,Khadija Bennani,29 Avenue Al Massira,Tetouan,99577
45,VNDR00046,Youssef Oufkir,20 Boulevard Mohammed V,Casablanca,36113
46,VNDR00047,Adam Bate,28 Avenue Hlioua,Crofton,21114
47,VNDR00048,Aziza Mansar,38 Residence Al Qods,Meknes,40291
48,VNDR00049,Khadija Fadili,47 Boulevard Salam,Marrakech,37204
49,VNDR00050,Meryem Metouali,44 Lotissement Hlioua,Sale,6042
50,VNDR00051,Khadija Lahlou,42 Lotissement Al Qods,Meknes,40214
51,VNDR00052,Hajar Ouazzani,27 Rue Zerktouni,Lyndon,5851
52,VNDR00053,Youssef Salhi,13 Residence Al Massira,Safi,94610
53,VNDR00054,Rania Mansour,47 Boulevard Bernoussi,Piedmont,94610
54,VNDR00055,Youssef Tahiri,3 Residence Hassan II,Tetouan,99502
55,VNDR00056,Hamza Benali,8 Rue Mohammed V,Ouarzazate,21402
56,VNDR00057,Zineb Lahlou,5 Boulevard Zerktouni,Tanger,20002
57,VNDR00058,Omar Bate,25 Residence Zerktouni,Kenitra,31411
58,VNDR00059,Kaoutar El Idrissi,39 Rue Hlioua,Gardena,90248
59,VNDR00060,Jamila Eddoughmi,27 Rue Hassan II,Safi,94605
60,VNDR00061,Youssef Barghoud,13 Hay Al Massira,El Kelaa des Sraghna,2171
61,VNDR00062,Zineb Mansour,39 Rue Hassan II,Severn,21144
62,VNDR00063,Youssef Banoune,11 Avenue Hlioua,Tetouan,99518
63,VNDR00064,Khadija Lahlou,28 Avenue Mohammed V,Berkane,73160
64,VNDR00065,Amine Kibala,42 Lotissement Al Qods,Meknes,40214
65,VNDR00066,Omar Berrada,49 Boulevard Salam,Taourirt,94550
66,VNDR00067,Noha El Fassi,3 Rue Centrale,Agadir,80007
67,VNDR00068,Rania Radi,30 Hay Bernoussi,Agadir,80004
68,VNDR00069,Mohamed Berrada,27 Boulevard Al Qods,Settat,73034
69,VNDR00070,Khadija Benchikh,42 Boulevard Al Massira,Sale,6040
70,VNDR00071,Aya Radi,3 Residence Salam,Mexico Beach,32456
71,VNDR00072,Khaoula Salhi,8 Hay El Fadl,Fes,85301
72,VNDR00073,Aziza Radi,4 Boulevard Zerktouni,Sale,6040
73,VNDR00074,Rania Jamal,34 Hay Zerktouni,Nador,94708
74,VNDR00075,Khadija Jamal,43 Boulevard Hlioua,Marrakech,37215
75,VNDR00076,Youssef Amine,44 Boulevard Al Houda,Tanger,20011
76,VNDR00077,Othmane Amine,15 Residence Al Massira,Kenitra,31406
77,VNDR00078,Aya Oufkir,46 Hay Bernoussi,Redding,96003
78,VNDR00079,Salma Tazi,6 Avenue Centrale,Settat,73003
79,VNDR00080,Hassan Tazi,18 Avenue Mohammed V,Rabat,72701
80,VNDR00081,Jamila Lahlou,34 Hay Bernoussi,Plantation,40242
81,VNDR00082,Kaoutar Alaoui,45 Avenue El Fadl,Selma,93662
82,VNDR00083,Zineb Metouali,9 Hay Mohammed V,Casablanca,36109
83,VNDR00084,Aya Moufkir ,47 Avenue Al Qods,Tanger,20006
84,VNDR00085,Omar Lahlou,33 Boulevard El Fadl,Tetouan,99501
85,VNDR00086,Hajar El Idrissi,28 Avenue Salam,Dartmouth,2748
86,VNDR00087,Aziza Bate,39 Boulevard Bernoussi,Rabat,72701
87,VNDR00088,Kawtar El Idrissi,3 Boulevard Centrale,Severn,21144
88,VNDR00089,Fatima Ezzahra  Amrani,31 Hay Hassan II,Sale,6040
89,VNDR00090,Youssef Salhi,6 Residence Al Houda,Rabat,72701
90,VNDR00091,Youssef Farissi,28 Avenue Bernoussi,Freetown,2717
91,VNDR00092,Adam El Yousfi,27 Rue Bernoussi,Berkane,73160
92,VNDR00093,Hiba Bachri,28 Lotissement Hassan II,Tanger,20003
93,VNDR00094,Kawtar Amine,29 Boulevard Bernoussi,Essaouira,32401
94,VNDR00095,Hamza Berrada,24 Hay El Fadl,Meknes,40207
95,VNDR00096,Ahmed Eddoughmi,48 Residence Salam,Agadir,80003
96,VNDR00097,Salma Fadili,34 Hay Zerktouni,Crofton,21114
97,VNDR00098,Omar Bennani,26 Residence Al Houda,Tanger,20002
98,VNDR00099,Rachida Tazi,25 Residence Al Qods,Tanger,20020
99,VNDR00100,Zineb Barghoud,13 Hay Bernoussi,Marrakech,37211
100,VNDR00101,Mohamed Bachri,11 Boulevard Mohammed V,Meknes,40272
101,VNDR00102,Jamila Oufkir,24 Residence Zerktouni,El Cerrito,94530
102,VNDR00103,Hiba Skalli,16 Avenue Hassan II,Tanger,20019
103,VNDR00104,Youssef Mansour,38 Residence Al Massira,Needham,2492
104,VNDR00105,Hassan Jamal,32 Lotissement Hlioua,Fresno,93722
105,VNDR00106,Meryem Jamal,45 Rue Al Massira,Kenitra,31419
106,VNDR00107,Othmane Radi,20 Rue Al Qods,Agadir,80003
107,VNDR00108,Malak Skalli,45 Rue Al Massira,Kenitra,31419
108,VNDR00109,Adam Jamal,21 Hay Bernoussi,Sefrou,21122
109,VNDR00110,Amine Benchikh,41 Rue Hassan II,Safi,94605
110,VNDR00111,Khaoula Benali,15 Avenue Al Qods,Kenitra,31419
111,VNDR00112,Kaoutar Bate,10 Avenue Bernoussi,Youngstown,32466
112,VNDR00113,Omar Jamal,15 Rue Bernoussi,Mohammedia,21146
113,VNDR00114,Amine Benchikh,20 Residence Hassan II,Agadir,80004
114,VNDR00115,Kawtar Amine,38 Boulevard Mohammed V,Casablanca,36117
115,VNDR00116,Kaoutar Lahlou,22 Boulevard Zerktouni,Lowell,5847
116,VNDR00117,Omar Mansar,36 Hay Al Massira,Settat,73012
117,VNDR00118,Omar Benali,14 Boulevard Hassan II,Rabat,72701
118,VNDR00119,Othmane Moufkir ,22 Lotissement Al Massira,Tetouan,99501
119,VNDR00120,Hamza Fadili,12 Boulevard Hlioua,Brentwood,37027
120,VNDR00121,Ahmed Jamal,42 Boulevard Zerktouni,East Longmeadow,1028
121,VNDR00122,Taha Ouazzani,7 Rue Salam,Southport,32409
122,VNDR00123,Youssef Fadili,5 Avenue Hlioua,Safi,94621
123,VNDR00124,Kaoutar Metouali,44 Rue Al Houda,,5443
124,VNDR00125,Malak Ouazzani,39 Boulevard El Fadl,Meknes,40204
125,VNDR00126,Hajar Kibala,4 Rue Hlioua,Reading,1867
126,VNDR00127,Aziza Kibala,36 Residence Mohammed V,Settat,73003
127,VNDR00128,Aya Dadi,43 Boulevard El Fadl,Sale,6042
128,VNDR00129,Fatima Ezzahra  Bachri,7 Hay Zerktouni,Homer,99603
129,VNDR00130,Mohamed Tahiri,26 Boulevard Hassan II,Tanger,20011
130,VNDR00131,Mohamed Fakhir,31 Residence Bernoussi,Guelmim,94541
131,VNDR00132,Khaoula Banoune,46 Boulevard Bernoussi,Kenitra,31419
132,VNDR00133,Ahmed El Fassi,23 Boulevard Salam,Fes,85306
133,VNDR00134,Hamza Bate,23 Hay Hassan II,Tetouan,99507
134,VNDR00135,Rachida Radi,2 Residence Hlioua,Kenitra,31401
135,VNDR00136,Omar Eddoughmi,23 Boulevard Al Qods,Fes,85301
136,VNDR00137,Zineb Lahlou,44 Residence El Fadl,Khourubga,31322
137,VNDR00138,Fatima Berrada,40 Hay Hlioua,McCrory,72101
138,VNDR00139,Amine Oufkir,35 Boulevard Salam,Atascadero,93422
139,VNDR00140,Omar Dadi,25 Boulevard Salam,Hartland,5048
140,VNDR00141,Fatima Ezzahra  Kibala,44 Lotissement Al Qods,Nador,94709
141,VNDR00142,Meryem Benchikh,7 Avenue Hassan II,,5647
142,VNDR00143,Fatima Ezzahra  Amine,40 Rue Hassan II,Tanger,20002
143,VNDR00144,Aya Tahiri,30 Hay Mohammed V,Severn,21144
144,VNDR00145,Omar Benali,36 Rue Al Qods,Pueblo,81004
145,VNDR00146,Hassan Benali,18 Rue Al Qods,Alameda,94502
146,VNDR00147,Mohammed Amine Ouazzani,16 Boulevard Hassan II,Oujda,73139
147,VNDR00148,Yahya Oufkir,42 Avenue Al Massira,Agadir,80003
148,VNDR00149,Ahmed Tazi,23 Rue Al Houda,El Jadida,32407
149,VNDR00150,Jamila Amine,13 Boulevard Mohammed V,Marrakech,37115
150,VNDR00151,Amine Fadili,17 Avenue Hlioua,Agadir,80004
151,VNDR00152,Mohammed Amine Farissi,18 Lotissement Hlioua,Meknes,40118
152,VNDR00153,Aziza Kibala,14 Rue Al Houda,Marrakech,37013
153,VNDR00154,Aya Mansar,16 Residence Al Massira,Watertown,2472
154,VNDR00155,Mohammed Amine Benchikh,7 Residence El Fadl,Sale,6040
155,VNDR00156,Hassan Benali,46 Lotissement Centrale,Casablanca,36116
156,VNDR00157,Malak Mansar,25 Residence Al Houda,Casablanca,36116
157,VNDR00158,Youssef Amine,12 Avenue El Fadl,Tanger,20017
158,VNDR00159,Khadija Bate,32 Hay Centrale,Larache,2138
159,VNDR00160,Youssef Mansour,44 Boulevard Al Massira,Meknes,40211
160,VNDR00161,Youssef El Fassi,34 Hay Centrale,Casablanca,36105
161,VNDR00162,Fatima Amine,40 Boulevard Hlioua,Kenitra,31406
162,VNDR00163,Aziza Mansour,45 Lotissement Al Qods,El Hoceima,94555
163,VNDR00164,Salma Ouazzani,6 Avenue Al Qods,Mountain View,94043
164,VNDR00165,Meryem Dadi,18 Lotissement El Fadl,Oujda,73106
165,VNDR00166,Amine Ouazzani,38 Residence Salam,Casablanca,36105
166,VNDR00167,Amine Fakhir,32 Rue Al Qods,Agadir,80002
167,VNDR00168,Fatima Ezzahra  Bennani,39 Residence Hlioua,Tetouan,99508
168,VNDR00169,Mohammed Amine Mansar,4 Lotissement Al Qods,Rabat,72703
169,VNDR00170,Omar Radi,40 Residence El Fadl,Tetouan,99515
170,VNDR00171,Salma Barghoud,41 Residence Centrale,Oujda,73107
171,VNDR00172,Aya Kibala,22 Lotissement Mohammed V,Fortuna,95540
172,VNDR00173,Hamza Berrada,23 Residence Al Qods,Essaouira,32408
173,VNDR00174,Youssef Amine,21 Boulevard El Fadl,Casablanca,36117
174,VNDR00175,Hiba Bate,45 Avenue Hassan II,Agadir,80003
175,VNDR00176,Hamza Moufkir ,43 Lotissement El Fadl,Fes,85302
176,VNDR00177,Aya Metouali,34 Boulevard El Fadl,Ouarzazate,21401
177,VNDR00178,Omar Lahlou,23 Avenue Salam,Warren,5674
178,VNDR00179,Kawtar Eddoughmi,20 Avenue Al Houda,Essaouira,32404
179,VNDR00180,Youssef Salhi,4 Hay Salam,Jackson,95642
180,VNDR00181,Zineb Benali,5 Boulevard Zerktouni,Tanger,20002
181,VNDR00182,Amine Fadili,25 Lotissement Al Qods,Meknes,40216
182,VNDR00183,Omar Fadili,16 Avenue Zerktouni,Meknes,40291
183,VNDR00184,Rania Fadili,15 Hay Zerktouni,Oujda,73109
184,VNDR00185,Taha El Yousfi,8 Rue Mohammed V,Ouarzazate,21402
185,VNDR00186,Mohammed Amine Jamal,47 Lotissement Al Houda,Tetouan,99515
186,VNDR00187,Youssef Kibala,45 Hay Salam,Agadir,80003
187,VNDR00188,Kaoutar Lahlou,1 Residence Al Houda,Meknes,40211
188,VNDR00189,Taha El Yousfi,44 Boulevard Al Massira,Sale,6040
189,VNDR00190,Yahya Radi,15 Avenue Mohammed V,Agadir,80002
190,VNDR00191,Salma Radi,11 Hay Al Qods,Sale,6040
191,VNDR00192,Kaoutar El Fassi,23 Avenue Salam,Marrakech,37013
192,VNDR00193,Omar Radi,42 Rue Salam,Rabat,72703
193,VNDR00194,Hamza El Idrissi,12 Boulevard Salam,Dracut,1826
194,VNDR00195,Taha Amine,25 Boulevard Al Qods,Marrakech,37207
195,VNDR00196,Adam Fakhir,42 Avenue Bernoussi,Meknes,40223
196,VNDR00197,Hajar Bachri,44 Avenue Centrale,Milton,2186
197,VNDR00198,Fatima Fadili,16 Hay Mohammed V,San Jose,95132
198,VNDR00199,Ahmed El Idrissi,32 Residence Centrale,Tetouan,99516
199,VNDR00200,Mohamed Benchikh,43 Avenue Salam,Meknes,40272
200,VNDR00201,Kaoutar Berrada,1 Boulevard Salam,Mohammedia,21146
201,VNDR00202,Youssef Skalli,29 Boulevard Centrale,El Hoceima,94555
202,VNDR00203,Taha Barghoud,31 Hay Zerktouni,Meknes,40202
203,VNDR00204,Adam Eddoughmi,29 Rue Centrale,Essaouira,32408
204,VNDR00205,Kawtar El Fassi,45 Lotissement Al Houda,Rabat,72764
205,VNDR00206,Ahmed El Idrissi,46 Residence Salam,Midelt,94587
206,VNDR00207,Taha Benali,3 Avenue Bernoussi,Oujda,73119
207,VNDR00208,Fatima Bachri,1 Boulevard Centrale,Agadir,80003
208,VNDR00209,Fatima Ezzahra  Amrani,12 Avenue Al Houda,Meknes,40211
209,VNDR00210,Taha Mansar,46 Residence El Fadl,Kenitra,31419
210,VNDR00211,Hiba Benali,48 Rue El Fadl,Sale,6040
211,VNDR00212,Salma Farissi,45 Hay Al Qods,Meknes,40202
212,VNDR00213,Yahya Bate,40 Residence Al Massira,Town of Rockingham,5101
213,VNDR00214,Kawtar Metouali,20 Hay Hlioua,Taourirt,94550
214,VNDR00215,Rachida Benchikh,48 Rue El Fadl,Ouarzazate,21401
215,VNDR00216,Fatima Ezzahra  Moufkir ,32 Residence Al Massira,Casablanca,36117
216,VNDR00217,Salma Ouazzani,24 Boulevard Mohammed V,Marrakech,37206
217,VNDR00218,Omar Moufkir ,9 Lotissement Al Massira,Marrakech,37203
218,VNDR00219,Khadija Metouali,11 Hay Bernoussi,El Jadida,32413
219,VNDR00220,Aziza Benali,39 Boulevard El Fadl,Meknes,40204
220,VNDR00221,Hajar Fakhir,17 Avenue Mohammed V,Marblehead,1945
221,VNDR00222,Khadija Metouali,5 Residence Salam,Rabat,72701
222,VNDR00223,Omar Salhi,34 Lotissement Hassan II,Casablanca,36104
223,VNDR00224,Meryem Ouazzani,35 Residence Mohammed V,Bethany,73008
224,VNDR00225,Aya Moufkir ,28 Residence Bernoussi,Meknes,40216
225,VNDR00226,Noha Bachri,5 Residence Al Houda,Kenitra,31419
226,VNDR00227,Othmane Berrada,25 Rue Centrale,Agadir,80004
227,VNDR00228,Kaoutar Salhi,36 Hay Al Massira,Settat,73012
228,VNDR00229,Noha Tazi,6 Residence Centrale,Tanger,20018
229,VNDR00230,Adam Tahiri,42 Hay Al Qods,Sale,6040
230,VNDR00231,Meryem Dadi,37 Residence Mohammed V,Pleasanton,94566
231,VNDR00232,Adam El Yousfi,32 Avenue Al Houda,Kenitra,31405
232,VNDR00233,Hiba Mansar,46 Hay Centrale,Tetouan,99502
233,VNDR00234,Fatima El Fassi,11 Hay Mohammed V,Berrechid,32444
234,VNDR00235,Aya Lahlou,25 Avenue Zerktouni,Sale,6042
235,VNDR00236,Aziza Bate,41 Avenue Al Houda,Peabody,1960
236,VNDR00237,Aziza Oufkir,48 Boulevard Mohammed V,Sale,6040
237,VNDR00238,Hamza Jamal,13 Rue Al Qods,Rabat,72703
238,VNDR00239,Youssef Bachri,36 Residence Mohammed V,Oujda,73112
239,VNDR00240,Othmane Bachri,19 Boulevard Al Massira,Casablanca,36117
240,VNDR00241,Aya Bennani,30 Rue Salam,Bethel,5032
241,VNDR00242,Jamila Skalli,8 Boulevard Al Qods,Casablanca,36108
242,VNDR00243,Salma Alaoui,32 Residence Hassan II,El Hoceima,94536
243,VNDR00244,Fatima Ezzahra  Benchikh,26 Residence Al Houda,Tanger,20002
244,VNDR00245,Adam Oufkir,9 Lotissement El Fadl,Woburn,1801
245,VNDR00246,Aya Mansour,28 Lotissement Centrale,Sale,6040
246,VNDR00247,Aya Skalli,34 Avenue Centrale,Cupertino,95014
247,VNDR00248,Adam Amrani,28 Avenue Centrale,Tetouan,99504
248,VNDR00249,Salma Benali,25 Lotissement Al Massira,Agadir,80003
249,VNDR00250,Hajar Amrani,11 Hay Al Qods,Sale,6040
250,VNDR00251,Khadija Eddoughmi,23 Lotissement Hassan II,Sale,6040
251,VNDR00252,Noha Lahlou,9 Avenue Centrale,Agadir,80003
252,VNDR00253,Khadija Fadili,2 Rue Al Qods,Agadir,80004
253,VNDR00254,Adam Eddoughmi,25 Lotissement Al Massira,Essaouira,32404
254,VNDR00255,Youssef Eddoughmi,46 Hay El Fadl,Lawrence,1843
255,VNDR00256,Mohamed Radi,41 Residence Centrale,El Hoceima,94538
256,VNDR00257,Hamza Bennani,28 Avenue Mohammed V,Mountain View,94043
257,VNDR00258,Zineb Benchikh,3 Lotissement Hassan II,Marrakech,37013
258,VNDR00259,Hamza Fakhir,39 Rue Centrale,Agadir,80004
259,VNDR00260,Fatima Ezzahra  Metouali,18 Residence Bernoussi,Tanger,20016
260,VNDR00261,Khadija Jamal,46 Rue El Fadl,Fes,85301
261,VNDR00262,Taha Radi,25 Residence Hassan II,Rabat,72703
262,VNDR00263,Khadija Bennani,2 Boulevard Bernoussi,Nador,94709
263,VNDR00264,Khadija Eddoughmi,3 Rue Bernoussi,Sale,6040
264,VNDR00265,Youssef Ouazzani,45 Boulevard Mohammed V,Falmouth,2540
265,VNDR00266,Hajar El Yousfi,13 Boulevard Salam,Sale,6040
266,VNDR00267,Rania Berrada,38 Avenue Al Massira,Oujda,73132
267,VNDR00268,Jamila El Yousfi,39 Lotissement El Fadl,Fes,85301
268,VNDR00269,Malak Benchikh,15 Boulevard El Fadl,Marrakech,37221
269,VNDR00270,Yahya Bate,30 Boulevard Hassan II,Kenitra,31419
270,VNDR00271,Hiba Fadili,45 Boulevard Salam,Essaouira,32404
271,VNDR00272,Kaoutar Fakhir,11 Residence Al Qods,Millersville,21108
272,VNDR00273,Adam Lahlou,11 Rue Centrale,Rabat,72704
273,VNDR00274,Khaoula Tazi,26 Residence Al Houda,Sale,6040
274,VNDR00275,Hassan Dadi,17 Hay El Fadl,Marrakech,37209
275,VNDR00276,Kawtar Skalli,6 Residence Bernoussi,Marrakech,37205
276,VNDR00277,Mohammed Amine Eddoughmi,39 Residence Centrale,Kenitra,31401
277,VNDR00278,Hiba Mansar,32 Hay Mohammed V,Rabat,72701
278,VNDR00279,Othmane Benali,49 Hay Al Massira,Fes,85302
279,VNDR00280,Ahmed Moufkir ,35 Hay Al Houda,Twentynine Palms,92277
280,VNDR00281,Youssef Kibala,4 Avenue Hassan II,Rabat,72701
281,VNDR00282,Noha Tahiri,7 Residence Al Qods,Rabat,72704
282,VNDR00283,Omar Radi,5 Residence Salam,Rabat,72701
283,VNDR00284,Mohamed Mansour,28 Hay Hlioua,Readsboro,5350
284,VNDR00285,Aya Ouazzani,26 Hay Centrale,Laurel,20724
285,VNDR00286,Hajar El Idrissi,43 Lotissement Al Qods,Marrakech,37218
286,VNDR00287,Malak Ouazzani,19 Avenue Hassan II,Marrakech,37211
287,VNDR00288,Hajar Oufkir,46 Hay Al Houda,Marrakech,37211
288,VNDR00289,Youssef El Yousfi,46 Boulevard Salam,Fes,85304
289,VNDR00290,Hajar Eddoughmi,12 Lotissement Al Qods,Agadir,80005
290,VNDR00291,Fatima Ezzahra  Radi,2 Avenue Centrale,Nador,94705
291,VNDR00292,Hiba Benali,23 Hay Al Massira,Kenitra,31419
292,VNDR00293,Yahya El Idrissi,43 Avenue Hlioua,Larache,2139
293,VNDR00294,Hamza Kibala,26 Boulevard Hlioua,Rabat,72704
294,VNDR00295,Amine Barghoud,19 Rue Centrale,Kenitra,31405
295,VNDR00296,Taha Amrani,40 Avenue Al Houda,Tanger,20002
296,VNDR00297,Youssef El Idrissi,33 Boulevard Hlioua,Vacaville,95688
297,VNDR00298,Fatima Ezzahra  Kibala,1 Boulevard El Fadl,Nador,94710
298,VNDR00299,Zineb Mansour,20 Avenue Zerktouni,Worcester,1603
299,VNDR00300,Hassan Ouazzani,21 Hay Bernoussi,Taourirt,94550
300,VNDR00301,Fatima Tazi,45 Boulevard Hlioua,Casablanca,36104
301,VNDR00302,Youssef Farissi,33 Residence Mohammed V,Brookline,2446
302,VNDR00303,Hamza Fakhir,24 Rue Salam,Rabat,72703
303,VNDR00304,Zineb Bennani,14 Boulevard Al Qods,Meknes,40210
304,VNDR00305,Jamila Tazi,47 Residence Mohammed V,Rabat,72701
305,VNDR00306,Meryem Tahiri,26 Residence Salam,Casablanca,36117
306,VNDR00307,Amine Bennani,42 Hay Centrale,Rabat,72704
307,VNDR00308,Omar Moufkir ,23 Residence Mohammed V,Kenitra,31406
308,VNDR00309,Kaoutar Banoune,10 Hay Salam,Berkane,73160
309,VNDR00310,Zineb Tahiri,31 Residence Zerktouni,Rabat,72703
310,VNDR00311,Fatima Metouali,5 Rue Centrale,Sale,6042
311,VNDR00312,Fatima Ezzahra  Fakhir,18 Boulevard Hlioua,Fes,85302
312,VNDR00313,Kaoutar Farissi,23 Lotissement Hlioua,Thunderbolt,31404
313,VNDR00314,Omar Benali,22 Lotissement Hassan II,Taza,21076
314,VNDR00315,Meryem Jamal,3 Lotissement El Fadl,Kenitra,31404
315,VNDR00316,Youssef Mansar,29 Avenue Salam,Pleasanton,94588
316,VNDR00317,Hamza Eddoughmi,33 Hay El Fadl,Casablanca,36117
317,VNDR00318,Youssef Mansour,48 Rue El Fadl,Ouarzazate,21401
318,VNDR00319,Fatima Salhi,20 Boulevard Zerktouni,Fes,85301
319,VNDR00320,Fatima Fadili,1 Avenue Al Qods,Agadir,80007
320,VNDR00321,Aya Amrani,3 Boulevard Centrale,Severn,21144
321,VNDR00322,Amine Banoune,42 Lotissement Al Qods,Ardmore,73401
322,VNDR00323,Kawtar Tahiri,44 Avenue Hassan II,Athol,1331
323,VNDR00324,Rania Mansar,5 Hay Centrale,Agadir,80002
324,VNDR00325,Mohammed Amine Bachri,37 Lotissement El Fadl,Meknes,40202
325,VNDR00326,Hiba Amine,33 Residence Al Massira,Tanger,20020
326,VNDR00327,Zineb Benchikh,22 Boulevard Salam,Safi,94610
327,VNDR00328,Omar Mansour,39 Avenue Bernoussi,Marrakech,37206
328,VNDR00329,Amine Berrada,10 Hay Al Houda,Lexington,2420
329,VNDR00330,Hamza Banoune,41 Residence Bernoussi,Kenitra,31401
330,VNDR00331,Youssef Oufkir,3 Residence Centrale,Oujda,73104
331,VNDR00332,Mohamed Banoune,15 Lotissement Mohammed V,Grass Valley,95945
332,VNDR00333,Malak Bate,4 Rue Salam,Eureka,95503
333,VNDR00334,Noha Banoune,43 Avenue Mohammed V,Meknes,40207
334,VNDR00335,Kawtar Farissi,25 Rue Zerktouni,Oroville,95966
335,VNDR00336,Salma Salhi,19 Boulevard Salam,Kenitra,31408
336,VNDR00337,Meryem Mansour,35 Avenue Zerktouni,Tetouan,99515
337,VNDR00338,Adam Moufkir ,4 Lotissement Al Massira,Bourne,2532
338,VNDR00339,Adam El Yousfi,16 Avenue Centrale,Fes,85310
339,VNDR00340,Youssef Skalli,49 Hay Al Massira,Randolph,5060
340,VNDR00341,Kaoutar Tahiri,37 Avenue Al Houda,Sale,6040
341,VNDR00342,Noha Eddoughmi,35 Residence Centrale,El Jadida,32413
342,VNDR00343,Hamza Salhi,25 Avenue Bernoussi,Casablanca,36105
343,VNDR00344,Rania Barghoud,35 Lotissement Al Qods,Casablanca,36104
344,VNDR00345,Taha Farissi,45 Lotissement Centrale,Agadir,80005
345,VNDR00346,Mohammed Amine Benali,26 Residence Salam,Sale,6040
346,VNDR00347,Aya Bennani,46 Residence Hlioua,Meknes,40223
347,VNDR00348,Khaoula Eddoughmi,29 Hay Al Qods,Fes,85301
348,VNDR00349,Hiba Fakhir,42 Rue Centrale,Sale,6042
349,VNDR00350,Youssef Bate,2 Avenue Al Massira,Agadir,80003
350,VNDR00351,Hajar Skalli,20 Avenue Zerktouni,Kenitra,31406
351,VNDR00352,Hassan Dadi,48 Hay Al Houda,Kenitra,31404
352,VNDR00353,Aziza Oufkir,8 Boulevard Mohammed V,Worcester,1604
353,VNDR00354,Yahya Skalli,26 Boulevard El Fadl,Tanger,20011
354,VNDR00355,Jamila Alaoui,22 Boulevard Mohammed V,Casablanca,36108
355,VNDR00356,Amine Dadi,15 Rue Al Qods,Casablanca,36109
356,VNDR00357,Aziza Amrani,33 Hay Al Houda,Rabat,72701
357,VNDR00358,Malak Moufkir ,36 Avenue Zerktouni,Rabat,72703
358,VNDR00359,Othmane Salhi,38 Avenue Al Houda,Sale,6040
359,VNDR00360,Omar Bachri,46 Lotissement Hassan II,Marrakech,37216
360,VNDR00361,Omar Salhi,9 Boulevard Salam,Agadir,80005
361,VNDR00362,Zineb Ouazzani,14 Residence Mohammed V,,5149
362,VNDR00363,Hajar Fakhir,40 Avenue Zerktouni,Port Wentworth,31407
363,VNDR00364,Jamila Banoune,11 Boulevard Al Massira,Baldwin Park,91706
364,VNDR00365,Meryem Tazi,48 Residence Al Houda,Burke,5871
365,VNDR00366,Khaoula Fadili,25 Residence Zerktouni,Wilmington,5363
366,VNDR00367,Hamza El Fassi,10 Hay Al Houda,Lexington,2420
367,VNDR00368,Mohamed Salhi,26 Residence Salam,Sale,6040
368,VNDR00369,Kawtar Fakhir,1 Avenue Al Houda,Marrakech,37207
369,VNDR00370,Rania Jamal,46 Boulevard Hassan II,Tanger,20018
370,VNDR00371,Yahya Farissi,13 Hay Bernoussi,Marrakech,37211
371,VNDR00372,Hassan Metouali,44 Residence Al Massira,Casablanca,36117
372,VNDR00373,Salma Bate,41 Rue Hlioua,Newark,94560
373,VNDR00374,Hiba Farissi,41 Lotissement Al Qods,Tetouan,99503
374,VNDR00375,Aya Lahlou,19 Hay Bernoussi,El Jadida,32413
375,VNDR00376,Meryem Dadi,47 Hay Centrale,Fes,85305
376,VNDR00377,Amine Radi,8 Avenue Mohammed V,Casablanca,36111
377,VNDR00378,Khadija El Yousfi,14 Rue Salam,Kenitra,31401
378,VNDR00379,Fatima Ezzahra  El Fassi,39 Residence Hlioua,Tetouan,99508
379,VNDR00380,Fatima Farissi,3 Avenue Centrale,Alameda,94501
380,VNDR00381,Malak Fakhir,1 Boulevard Bernoussi,Rabat,72704
381,VNDR00382,Salma Fadili,7 Avenue Al Houda,Tanger,20019
382,VNDR00383,Mohamed Alaoui,6 Boulevard Salam,Norwood,2062
383,VNDR00384,Salma Benali,22 Avenue Salam,Tanger,20011
384,VNDR00385,Omar Benchikh,14 Hay Hlioua,Casablanca,36110
385,VNDR00386,Khaoula Tahiri,21 Lotissement El Fadl,Rabat,72701
386,VNDR00387,Mohamed Fadili,23 Hay Al Houda,Berkane,73160
387,VNDR00388,Hiba Tazi,4 Hay Salam,Glen Burnie,21061
388,VNDR00389,Jamila Jamal,40 Hay Mohammed V,Plymouth,2360
389,VNDR00390,Youssef Amrani,3 Lotissement Bernoussi,Hingham,2043
390,VNDR00391,Khadija Mansour,19 Residence Zerktouni,Fes,85301
391,VNDR00392,Yahya Farissi,9 Hay Hassan II,Sale,6042
392,VNDR00393,Malak Benchikh,7 Hay Al Houda,Casablanca,36117
393,VNDR00394,Zineb Oufkir,24 Rue Salam,Santa Rosa,95404
394,VNDR00395,Omar Fadili,39 Rue Bernoussi,Rabat,72703
395,VNDR00396,Hiba Tahiri,40 Residence Al Massira,Town of Rockingham,5101
396,VNDR00397,Meryem Barghoud,6 Avenue Al Houda,Casablanca,36117
397,VNDR00398,Omar Lahlou,2 Lotissement Zerktouni,Casablanca,36107
398,VNDR00399,Hamza Kibala,7 Boulevard El Fadl,Kenitra,31419
399,VNDR00400,Hassan Dadi,46 Lotissement Al Qods,Guelmim,94541
400,VNDR00401,Omar Salhi,23 Avenue Al Houda,Casablanca,36110
401,VNDR00402,Omar Bate,46 Residence Al Massira,Meknes,40299
402,VNDR00403,Mohammed Amine Alaoui,17 Hay Al Qods,Casablanca,36116
403,VNDR00404,Ahmed Moufkir ,7 Hay El Fadl,Casablanca,36117
404,VNDR00405,Youssef Jamal,45 Boulevard Al Qods,Rabat,72703
405,VNDR00406,Zineb El Yousfi,31 Boulevard Al Qods,Kenitra,31405
406,VNDR00407,Hajar Radi,10 Hay Centrale,Kenitra,31419
407,VNDR00408,Aziza Bachri,48 Residence Hlioua,Tetouan,99503
408,VNDR00409,Kaoutar Farissi,31 Hay Hassan II,Tetouan,99515
409,VNDR00410,Rachida Oufkir,40 Rue Hassan II,,5468
410,VNDR00411,Meryem Alaoui,31 Avenue Salam,Tiznit,5001
411,VNDR00412,Noha Benali,1 Lotissement Salam,Essaouira,32404
412,VNDR00413,Aziza Dadi,25 Avenue Al Houda,Agadir,80002
413,VNDR00414,Jamila Kibala,36 Hay Al Massira,Settat,73012
414,VNDR00415,Khaoula Benali,37 Residence El Fadl,Sale,6042
415,VNDR00416,Zineb Fakhir,32 Residence El Fadl,Rabat,72701
416,VNDR00417,Amine El Fassi,11 Lotissement Hassan II,El Jadida,32407
417,VNDR00418,Aziza Ouazzani,2 Boulevard Salam,Meknes,40299
418,VNDR00419,Aziza El Idrissi,27 Residence Hlioua,Casablanca,36117
419,VNDR00420,Youssef Mansar,28 Lotissement El Fadl,El Hoceima,94538
420,VNDR00421,Jamila El Idrissi,25 Boulevard Bernoussi,Tetouan,99517
421,VNDR00422,Hiba Dadi,32 Hay Bernoussi,Agadir,80007
422,VNDR00423,Mohamed Lahlou,8 Hay Hassan II,Marrakech,37013
423,VNDR00424,Aziza Eddoughmi,32 Lotissement Al Qods,Casablanca,36105
424,VNDR00425,Youssef Eddoughmi,15 Boulevard El Fadl,Marrakech,37221
425,VNDR00426,Kaoutar Tahiri,45 Boulevard Al Qods,Rabat,72703
426,VNDR00427,Salma Alaoui,32 Avenue Bernoussi,Meknes,40211
427,VNDR00428,Salma El Fassi,22 Lotissement El Fadl,Guercif,6340
428,VNDR00429,Kawtar El Idrissi,19 Residence Salam,Mammoth Lakes,93546
429,VNDR00430,Fatima Ezzahra  Benali,43 Residence Hassan II,West Sacramento,95605
430,VNDR00431,Meryem Amine,40 Residence Al Qods,Meknes,40202
431,VNDR00432,Salma El Yousfi,21 Rue Hassan II,Essaouira,32401
432,VNDR00433,Youssef El Idrissi,41 Residence Bernoussi,Rabat,72703
433,VNDR00434,Omar Jamal,34 Hay Centrale,Casablanca,36105
434,VNDR00435,Salma Bennani,45 Lotissement Hlioua,Tetouan,99504
435,VNDR00436,Noha Benali,1 Avenue Hlioua,Rabat,72703
436,VNDR00437,Hajar Bachri,43 Hay Al Qods,Rabat,72701
437,VNDR00438,Ahmed Oufkir,12 Lotissement Al Qods,Agadir,80005
438,VNDR00439,Zineb Salhi,46 Avenue Hassan II,Safi,94619
439,VNDR00440,Khadija Bennani,43 Avenue Mohammed V,Meknes,40207
440,VNDR00441,Rachida Bachri,27 Lotissement Al Qods,El Hoceima,94536
441,VNDR00442,Ahmed Bachri,42 Avenue Al Houda,Essaouira,32405
442,VNDR00443,Rachida Kibala,9 Rue Al Houda,Meknes,40291
443,VNDR00444,Kaoutar Skalli,2 Residence Zerktouni,Auburn,1501
444,VNDR00445,Meryem El Fassi,2 Residence Al Qods,Agadir,80004
445,VNDR00446,Kaoutar Alaoui,2 Residence Centrale,Escondido,92027
446,VNDR00447,Othmane Mansar,21 Avenue Mohammed V,Marrakech,37207
447,VNDR00448,Omar Fadili,37 Boulevard Mohammed V,Kenitra,31419
448,VNDR00449,Zineb Fadili,7 Residence Centrale,Ouarzazate,21403
449,VNDR00450,Hamza Fadili,7 Hay Hassan II,Tetouan,99502
450,VNDR00451,Malak Skalli,42 Hay Bernoussi,Tetouan,99507
451,VNDR00452,Othmane Mansour,6 Boulevard Al Massira,Tetouan,99567
452,VNDR00453,Yahya Benali,42 Residence Al Qods,Boulder,80302
453,VNDR00454,Othmane Dadi,23 Lotissement El Fadl,Agadir,80002
454,VNDR00455,Khaoula Amine,30 Avenue Hlioua,Casablanca,36117
455,VNDR00456,Khaoula El Fassi,27 Hay El Fadl,Lawrence,1841
456,VNDR00457,Noha Banoune,16 Avenue Centrale,Fes,85310
457,VNDR00458,Malak Bennani,45 Lotissement Mohammed V,Cupertino,95014
458,VNDR00459,Kawtar Kibala,25 Lotissement Al Houda,Ouarzazate,21409
459,VNDR00460,Youssef Berrada,8 Rue Mohammed V,Ouarzazate,21402
460,VNDR00461,Aya Berrada,1 Avenue Mohammed V,Sale,6042
461,VNDR00462,Omar Moufkir ,16 Rue Al Houda,Agadir,80004
462,VNDR00463,Youssef Dadi,11 Residence Al Qods,Millersville,21108
463,VNDR00464,Hiba Dadi,30 Lotissement Al Massira,Tanger,20010
464,VNDR00465,Aziza Skalli,32 Hay Bernoussi,Agadir,80007
465,VNDR00466,Salma El Yousfi,34 Hay Salam,Ouarzazate,21409
466,VNDR00467,Kaoutar Salhi,2 Lotissement Zerktouni,Casablanca,36107
467,VNDR00468,Aziza Oufkir,18 Hay Hassan II,Townshend,5359
468,VNDR00469,Hassan Fadili,26 Residence Al Houda,Sale,6040
469,VNDR00470,Omar Banoune,10 Lotissement Bernoussi,Meknes,40210
470,VNDR00471,Othmane Bate,7 Rue Mohammed V,Sale,6040
471,VNDR00472,Rania Benchikh,38 Lotissement Mohammed V,Tanger,20018
472,VNDR00473,Youssef Amine,19 Avenue Al Houda,Casablanca,36110
473,VNDR00474,Omar Benali,21 Boulevard Al Qods,Glen Burnie,21061
474,VNDR00475,Omar Salhi,46 Lotissement Salam,Casablanca,36116
475,VNDR00476,Rachida Bate,23 Lotissement El Fadl,Agadir,80002
476,VNDR00477,Kawtar El Fassi,30 Boulevard Hassan II,Meknes,40204
477,VNDR00478,Aya Fakhir,41 Rue Al Houda,Tiznit,5001
478,VNDR00479,Fatima Ezzahra  Eddoughmi,36 Rue Mohammed V,Oujda,73170
479,VNDR00480,Ahmed Metouali,31 Boulevard Bernoussi,Guelmim,94541
480,VNDR00481,Hamza Mansar,5 Boulevard Bernoussi,Agadir,80002
481,VNDR00482,Fatima Moufkir ,30 Residence Al Massira,Marrakech,37211
482,VNDR00483,Youssef Mansar,8 Boulevard Hassan II,Meknes,40299
483,VNDR00484,Amine Ouazzani,23 Lotissement Al Qods,Tiznit,5001
484,VNDR00485,Malak Tahiri,16 Boulevard Hlioua,Casablanca,36109
485,VNDR00486,Kaoutar Fadili,44 Lotissement Al Massira,San Leandro,94578
486,VNDR00487,Youssef Dadi,16 Residence Al Qods,Agadir,80002
487,VNDR00488,Zineb Eddoughmi,13 Residence Al Massira,El Hoceima,94536
488,VNDR00489,Omar Salhi,22 Rue El Fadl,Marrakech,37205
489,VNDR00490,Kaoutar El Idrissi,15 Rue Centrale,San Leandro,94579
490,VNDR00491,Yahya Kibala,15 Avenue Al Qods,Tetouan,99501
491,VNDR00492,Yahya Radi,35 Hay Al Houda,Meknes,40223
492,VNDR00493,Kawtar Benchikh,2 Rue Al Qods,Agadir,80004
493,VNDR00494,Omar Fakhir,34 Avenue Zerktouni,Odenton,21113
494,VNDR00495,Rania Radi,45 Avenue Al Houda,Tetouan,99503
495,VNDR00496,Rania Banoune,7 Avenue Al Houda,Tanger,20019
496,VNDR00497,Youssef Oufkir,19 Hay Salam,Agadir,80003
497,VNDR00498,Kawtar Metouali,5 Avenue Al Qods,Settat,73013
498,VNDR00499,Omar Kibala,33 Avenue Al Massira,Kenitra,31410
499,VNDR00500,Youssef Alaoui,23 Avenue Salam,Meknes,40118
500,VNDR00501,Rachida Eddoughmi,30 Hay Hlioua,Rabat,72703
501,VNDR00502,Fatima Benali,27 Boulevard Hlioua,Sefrou,21122
502,VNDR00503,Salma Oufkir,19 Boulevard Zerktouni,Sale,6040
503,VNDR00504,Taha El Yousfi,25 Lotissement Al Massira,Agadir,80003
504,VNDR00505,Malak Oufkir,13 Hay Mohammed V,Salisbury,1952
505,VNDR00506,Rachida Tazi,28 Avenue Mohammed V,El Hoceima,94538
506,VNDR00507,Rania Bachri,20 Rue Hlioua,Tanger,20012
507,VNDR00508,Aziza Tazi,35 Avenue Zerktouni,Tetouan,99515
508,VNDR00509,Kawtar Benchikh,2 Hay Salam,Sale,6040
509,VNDR00510,Aya Skalli,1 Residence Zerktouni,Agadir,80005
510,VNDR00511,Salma Metouali,39 Rue Al Massira,Tetouan,99507
511,VNDR00512,Kaoutar Bennani,19 Avenue Centrale,Sale,6042
512,VNDR00513,Youssef Kibala,25 Lotissement Al Qods,Meknes,40216
513,VNDR00514,Salma Fadili,26 Hay Al Qods,Conway,72032
514,VNDR00515,Rachida Barghoud,2 Hay Mohammed V,Rabat,72704
515,VNDR00516,Taha Amine,43 Hay Zerktouni,,5468
516,VNDR00517,Omar Banoune,44 Hay Hassan II,Sale,6040
517,VNDR00518,Youssef Amrani,2 Residence Salam,Essaouira,32405
518,VNDR00519,Hajar Fakhir,21 Residence Bernoussi,Salinas,93908
519,VNDR00520,Khadija Metouali,49 Rue Al Massira,Agadir,80004
520,VNDR00521,Yahya Alaoui,48 Rue El Fadl,Sale,6040
521,VNDR00522,Fatima Ouazzani,7 Residence Al Qods,Fes,85301
522,VNDR00523,Rachida Amine,46 Lotissement Hassan II,Marrakech,37216
523,VNDR00524,Taha El Yousfi,41 Rue Al Qods,Sale,6040
524,VNDR00525,Youssef Radi,1 Residence Zerktouni,Fes,85303
525,VNDR00526,Mohammed Amine Jamal,29 Residence El Fadl,Khourubga,31322
526,VNDR00527,Omar Tahiri,2 Residence Salam,Essaouira,32405
527,VNDR00528,Khadija Bennani,45 Avenue Al Massira,Kenitra,31419
528,VNDR00529,Salma Salhi,29 Residence Hassan II,Agadir,80002
529,VNDR00530,Kaoutar Fakhir,8 Hay El Fadl,Tetouan,99577
530,VNDR00531,Taha El Yousfi,45 Avenue Al Massira,Kenitra,31419
531,VNDR00532,Khaoula Barghoud,24 Boulevard Bernoussi,Fes,85308
532,VNDR00533,Mohammed Amine Skalli,28 Boulevard Hlioua,Springfield,1104
533,VNDR00534,Hiba El Fassi,20 Hay Mohammed V,Gambrills,21054
534,VNDR00535,Omar Mansour,18 Residence Al Massira,San Leandro,94577
535,VNDR00536,Mohamed Skalli,36 Lotissement Al Houda,Chefchaouen,2155
536,VNDR00537,Yahya Skalli,23 Hay Hlioua,Port Charlotte,33954
537,VNDR00538,Salma Ouazzani,25 Avenue Hlioua,Fes,85308
538,VNDR00539,Youssef Oufkir,47 Hay Zerktouni,Telluride,81435
539,VNDR00540,Jamila El Yousfi,11 Avenue Hlioua,Rabat,72701
540,VNDR00541,Aziza Ouazzani,16 Residence Al Massira,Meknes,40207
541,VNDR00542,Malak Jamal,31 Residence Bernoussi,Guelmim,94541
542,VNDR00543,Kaoutar El Yousfi,37 Lotissement El Fadl,Meknes,40202
543,VNDR00544,Hiba Moufkir ,45 Avenue Zerktouni,Crofton,21114
544,VNDR00545,Mohammed Amine Banoune,9 Residence Hlioua,Taza,21076
545,VNDR00546,Jamila Alaoui,11 Rue Al Qods,Azrou,73110
546,VNDR00547,Youssef Dadi,41 Rue Al Houda,Casablanca,36116
547,VNDR00548,Othmane Tahiri,32 Residence Salam,Sale,6042
548,VNDR00549,Hiba Metouali,21 Hay Centrale,Sidi Kacem,73071
549,VNDR00550,Youssef Farissi,12 Hay Salam,Alburgh,5440
550,VNDR00551,Rania El Fassi,35 Hay Al Massira,Fes,85301
551,VNDR00552,Salma Salhi,38 Lotissement Hassan II,Midelt,94587
552,VNDR00553,Mohammed Amine Bate,16 Lotissement Al Houda,Peoria,85382
553,VNDR00554,Fatima Tazi,33 Rue Hassan II,Garden City,31408
554,VNDR00555,Aziza Skalli,13 Residence Hassan II,Jeffersontown,40299
555,VNDR00556,Malak Eddoughmi,6 Rue El Fadl,Essaouira,32405
556,VNDR00557,Ahmed Moufkir ,16 Avenue Hassan II,Tanger,20019
557,VNDR00558,Youssef Tazi,8 Residence El Fadl,Rabat,72701
558,VNDR00559,Rania Mansour,39 Residence Hassan II,Sefrou,21122
559,VNDR00560,Kaoutar Banoune,23 Boulevard Bernoussi,Agadir,80002
560,VNDR00561,Amine El Idrissi,14 Boulevard Hassan II,Rabat,72701
561,VNDR00562,Taha Dadi,15 Residence Salam,Meknes,40228
562,VNDR00563,Hassan Bate,23 Residence Bernoussi,Midelt,94587
563,VNDR00564,Omar Benchikh,20 Residence Bernoussi,Tanger,20003
564,VNDR00565,Malak Oufkir,45 Avenue Zerktouni,Brockton,2302
565,VNDR00566,Yahya Mansar,48 Avenue Hlioua,Midelt,94587
566,VNDR00567,Hassan Bachri,13 Rue Zerktouni,Marrakech,37211
567,VNDR00568,Fatima Ezzahra  Mansar,13 Boulevard Salam,Sale,6040
568,VNDR00569,Hamza Moufkir ,23 Avenue Zerktouni,Sale,6040
569,VNDR00570,Khadija El Fassi,18 Hay Hassan II,Townshend,5359
570,VNDR00571,Hassan Ouazzani,47 Boulevard Al Qods,Meknes,40299
571,VNDR00572,Zineb Tahiri,8 Lotissement El Fadl,Springfield,1106
572,VNDR00573,Khadija Farissi,25 Lotissement Zerktouni,Tetouan,99507
573,VNDR00574,Kawtar Tazi,1 Hay Centrale,Sale,6040
574,VNDR00575,Youssef Amrani,45 Rue Bernoussi,Sale,6040
575,VNDR00576,Youssef El Idrissi,26 Residence Mohammed V,Rabat,72701
576,VNDR00577,Jamila Bachri,3 Hay Centrale,Marrakech,37206
577,VNDR00578,Ahmed Berrada,5 Rue Al Qods,Agadir,80004
578,VNDR00579,Othmane Dadi,10 Avenue Al Houda,Rabat,72703
579,VNDR00580,Khaoula Farissi,43 Avenue Al Qods,Marrakech,37207
580,VNDR00581,Hassan Oufkir,41 Avenue Centrale,Rabat,72701
581,VNDR00582,Kaoutar Barghoud,28 Hay Zerktouni,Tanger,20001
582,VNDR00583,Khadija El Fassi,21 Lotissement Al Qods,Tanger,20002
583,VNDR00584,Youssef Fadili,11 Rue Al Qods,Azrou,73110
584,VNDR00585,Adam Benali,5 Avenue El Fadl,Rabat,72701
585,VNDR00586,Amine Banoune,20 Avenue Al Massira,Springfield,1105
586,VNDR00587,Hiba Radi,47 Avenue El Fadl,Brentwood,37027
587,VNDR00588,Fatima Benali,49 Rue Mohammed V,Tybee Island,31328
588,VNDR00589,Taha Berrada,5 Rue El Fadl,El Jadida,32407
589,VNDR00590,Rachida Bate,37 Residence El Fadl,Sale,6042
590,VNDR00591,Ahmed Farissi,43 Boulevard Al Houda,Rancho Cordova,95670
591,VNDR00592,Khaoula Bennani,32 Residence El Fadl,Rabat,72701
592,VNDR00593,Amine Amrani,26 Boulevard Centrale,Meknes,40222
593,VNDR00594,Khaoula Berrada,37 Boulevard Mohammed V,Kenitra,31419
594,VNDR00595,Yahya Amrani,19 Boulevard Al Houda,Tanger,20024
595,VNDR00596,Othmane El Yousfi,11 Rue Al Qods,Laayoune,5478
596,VNDR00597,Hassan Fakhir,14 Rue Al Massira,Rabat,72701
597,VNDR00598,Mohammed Amine Bachri,43 Avenue Salam,Midelt,94587
598,VNDR00599,Malak Berrada,18 Lotissement Hlioua,Dakhla,85340
599,VNDR00600,Aziza Benchikh,47 Residence Mohammed V,Rabat,72701
